{
  "Routes": [
    {
      "DownstreamPathTemplate": "/api/HourTracking",
      "DownstreamScheme": "https",
      "DownstreamHostAndPorts": [
        {
          "Host": "api-warehouse.larsonjuhl.com",
          "Port": 443
        }
      ],
      "UpstreamPathTemplate": "/api/HourTracking",
      "UpstreamHttpMethod": [ "GET" ],
      "AuthenticationOptions": {
        "AuthenticationProviderKey": "Bearer",
        "AllowedScopes": []
      },
      "CacheOptions": {
        "TtlSeconds": 60
      }
    },
    {
      "DownstreamPathTemplate": "/Product/getProducts",
      "DownstreamScheme": "https",
      "DownstreamHostAndPorts": [
        {
          "Host": "dev-designstudio-api.larsonjuhl.com",
          "Port": 443
        }
      ],
      "UpstreamPathTemplate": "/Product/getProducts",
      "UpstreamHttpMethod": [ "GET" ],
      "AuthenticationOptions": {
        "AuthenticationProviderKey": "Bearer",
        "AllowedScopes": []
      },
      "CacheOptions": {
        "TtlSeconds": 60
      }
    },
    {
      "DownstreamPathTemplate": "/api/Students/{id}",
      "DownstreamScheme": "https",
      "DownstreamHostAndPorts": [
        {
          "Host": "localhost",
          "Port": 7195
        }
      ],
      "UpstreamPathTemplate": "/api/students/{id}",
      "UpstreamHttpMethod": [ "GET" ],
      "AuthenticationOptions": {
        "AuthenticationProviderKey": "Bearer",
        "AllowedScopes": []
      },
      "CacheOptions": {
        "TtlSeconds": 60
      }
    },
    {
      "DownstreamPathTemplate": "/api/Students/StudentsList",
      "DownstreamScheme": "https",
      "DownstreamHostAndPorts": [
        {
          "Host": "localhost",
          "Port": 7195
        }
      ],
      "UpstreamPathTemplate": "/api/students/StudentsList",
      "UpstreamHttpMethod": [ "GET" ],
      "AuthenticationOptions": {
        "AuthenticationProviderKey": "Bearer",
        "AllowedScopes": []
      },
      "RouteClaimsRequirement": {
        "Role": "Administrator"
      }
    },
    {
      "DownstreamPathTemplate": "/api/Students/AddStudent",
      "DownstreamScheme": "https",
      "DownstreamHostAndPorts": [
        {
          "Host": "localhost",
          "Port": 7195
        }
      ],
      "UpstreamPathTemplate": "/api/students/AddStudent",
      "UpstreamHttpMethod": [ "POST" ],
      "AuthenticationOptions": {
        "AuthenticationProviderKey": "Bearer",
        "AllowedScopes": []
      }
    },
    {
      "DownstreamPathTemplate": "/api/Students/AddDepartment",
      "DownstreamScheme": "https",
      "DownstreamHostAndPorts": [
        {
          "Host": "localhost",
          "Port": 7195
        }
      ],
      "UpstreamPathTemplate": "/api/students/AddDepartment",
      "UpstreamHttpMethod": [ "POST" ]
    },
    {
      "DownstreamPathTemplate": "/api/Students/AddQualifications",
      "DownstreamScheme": "https",
      "DownstreamHostAndPorts": [
        {
          "Host": "localhost",
          "Port": 7195
        }
      ],
      "UpstreamPathTemplate": "/api/students/AddQualifications",
      "UpstreamHttpMethod": [ "POST" ]
    },
    {
      "DownstreamPathTemplate": "/api/Account",
      "DownstreamScheme": "https",
      "DownstreamHostAndPorts": [
        {
          "Host": "localhost",
          "Port": 7195
        }
      ],
      "UpstreamPathTemplate": "/api/Account",
      "UpstreamHttpMethod": [ "POST" ]
    }
  ],
  "GlobalConfiguration": {
    "BaseUrl": "https://localhost:7008",
    "CacheOptions": {
      "TtlSeconds": 60,
      "Region": "GlobalCacheRegion"
    }
  }
}
